happy,https://www.youtube.com/watch?v=6vay5SgNPpk
happy,https://www.youtube.com/watch?v=yWD2m8G2aw4
happy,https://www.youtube.com/watch?v=szeA9tvItJY
happy,https://www.youtube.com/watch?v=23jbTeA6dIY
happy,https://www.youtube.com/watch?v=S_t9fuR5GTg
happy,https://www.youtube.com/watch?v=xSWnSFPrPI4
happy,https://www.youtube.com/watch?v=qBXNuzLHvSM
happy,https://www.youtube.com/watch?v=Z5Yo99VjE2o
happy,https://www.youtube.com/watch?v=wTvRNwslYxA
happy,https://www.youtube.com/watch?v=J1kjdF1nICE
sad,https://www.youtube.com/watch?v=-maUEbkg4qQ
sad,https://www.youtube.com/watch?v=1b5etpueFgU
sad,https://www.youtube.com/watch?v=-tn2S3kJlyU
sad,https://www.youtube.com/watch?v=-KBh3fm6gFo
sad,https://www.youtube.com/watch?v=JhvyWCyXuqg
sad,https://www.youtube.com/watch?v=NbgD9TyTW6g
sad,https://www.youtube.com/watch?v=aDeNQNtW1f8
sad,https://www.youtube.com/watch?v=x9mGRTaD_00
sad,https://www.youtube.com/watch?v=tDPpex1wvOc
sad,https://www.youtube.com/watch?v=53GIADHxVzM
angry,https://www.youtube.com/watch?v=_gm5piKnrS4
angry,https://www.youtube.com/watch?v=oVEBZLrjpw4
angry,https://www.youtube.com/watch?v=Ah0Ys50CqO8
angry,https://www.youtube.com/watch?v=BbQlBOHwZz8
angry,https://www.youtube.com/watch?v=dVUmSgzgOqs
angry,https://www.youtube.com/watch?v=VBmMU_iwe6U
angry,https://www.youtube.com/watch?v=cOQDsmEqVt8
angry,https://www.youtube.com/watch?v=Y4JfPlry-iQ
angry,https://www.youtube.com/watch?v=OL-JMV2sFwk
angry,https://www.youtube.com/watch?v=LwZkTJd0Sqc
neutral,https://www.youtube.com/watch?v=nHlDU7GokIc
neutral,https://www.youtube.com/watch?v=mIXlPxblIpQ
neutral,https://www.youtube.com/watch?v=D3PfheWvgl8
neutral,https://www.youtube.com/watch?v=dzNvk80XY9s
neutral,https://www.youtube.com/watch?v=Ojp71GGm-LQ
neutral,https://www.youtube.com/watch?v=5Y8bl-zZy2s
neutral,https://www.youtube.com/watch?v=5I4iwiDK_lQ
neutral,https://www.youtube.com/watch?v=8nafNv9za_U
neutral,https://www.youtube.com/watch?v=uNt1XCI8SEU
neutral,https://www.youtube.com/watch?v=SpRkEzFSWng
surprised,https://www.youtube.com/watch?v=2XY3AvVgDns
surprised,https://www.youtube.com/watch?v=2zNSgSzhBfM
surprised,https://www.youtube.com/watch?v=AHitulGaS9k
surprised,https://www.youtube.com/watch?v=9NZvM1918_E
surprised,https://www.youtube.com/watch?v=DK_0jXPuIr0
surprised,https://www.youtube.com/watch?v=wIft-t-MQuE
surprised,https://www.youtube.com/watch?v=lmc21V-zBq0
surprised,https://www.youtube.com/watch?v=mytLRy32Viw
surprised,https://www.youtube.com/watch?v=cIFspx_BMN0
surprised,https://www.youtube.com/watch?v=ybGxnSn-WVo